<?xml version="1.0" encoding="UTF-8" standalone="yes"?>
<addon id="plugin.video.prism" version="2.0.1" name="Th3 [COLOR purple]Prism[/COLOR] Addon" provider-name="[COLOR purple]Sixt33n[/COLOR]">
    <requires>
        <import addon="xbmc.python" version="2.1.0"/>        
    </requires>
    <extension point="xbmc.python.pluginsource" library="default.py">
        <provides>video</provides>
    </extension>
    <extension point="xbmc.addon.metadata">
        <summary>Here We Are</summary>
        <description>Here We Are offering only the best in IPTV</description>
        <disclaimer>The author does not host or distribute any of the content displayed by this addon. The author does not have any affiliation with the content providers.</disclaimer>
        <language>en</language>
        <platform>all</platform>
    </extension>
</addon>