<?xml version="1.0" encoding="UTF-8" standalone="yes"?>
<addon id="plugin.program.prismwiz" name="Prism Toolbox" version="2.0" provider-name="Team Prism">
  <requires>
    <import addon="xbmc.python" version="2.1.0"/>
  </requires>
  <extension point="xbmc.python.pluginsource" library="default.py">
    <provides>executable</provides>
  </extension>
  <extension point="xbmc.service" library="startup.py" start="startup" />
  <extension point="xbmc.addon.metadata">
    <summary lang="en">Prism Toolbox</summary>
    <description lang="en">Brings You Our Builds, Addons &amp; Android Apps.. All Wade Possible By The Genius That Is Surf @ Aftermath Wizard... Cheers Bro</description>
    <platform>all</platform>
  </extension>
</addon>